client_id,country,industry,company_size,join_date,avg_project_budget,repeat_client_flag
1,UK,Healthcare,SME,2025-12-04,313.67,t
2,Canada,Education,Enterprise,2024-08-16,1605.98,f
3,USA,Education,Enterprise,2025-06-29,999.76,f
4,Germany,Education,Enterprise,2025-04-26,1476.80,f
5,UK,Finance,Enterprise,2023-10-20,2061.88,t
6,UK,Finance,Enterprise,2025-12-03,223.87,f
7,Brazil,Tech,Enterprise,2024-05-26,831.06,f
8,Germany,Retail,SME,2026-03-01,1673.14,f
9,Singapore,Tech,Enterprise,2026-01-02,532.62,t
10,Singapore,Tech,SME,2024-10-22,2035.56,t
11,Canada,Finance,Enterprise,2024-04-07,1346.91,f
12,Australia,Retail,Startup,2025-01-27,367.13,f
13,India,Education,Startup,2025-04-05,1762.80,t
14,Singapore,Finance,Enterprise,2025-09-16,1618.27,f
15,India,Education,Startup,2025-06-08,2015.83,f
16,UK,Retail,Enterprise,2025-05-04,1218.03,t
17,USA,Education,Enterprise,2024-04-28,783.20,f
18,UK,Finance,Startup,2024-03-14,927.98,t
19,Brazil,Tech,Enterprise,2024-10-08,2064.01,f
20,USA,Finance,SME,2025-06-07,1176.78,f
21,USA,Healthcare,Enterprise,2024-03-24,1403.66,t
22,UK,Education,Enterprise,2026-03-06,2155.78,f
23,Australia,Tech,Startup,2025-06-23,271.53,t
24,UK,Healthcare,Startup,2024-10-11,795.25,t
25,Brazil,Healthcare,SME,2024-03-01,2073.35,f
26,Brazil,Retail,SME,2025-02-03,577.15,t
27,India,Healthcare,Startup,2024-01-03,648.73,t
28,Australia,Retail,SME,2024-10-24,1267.38,t
29,Brazil,Retail,Enterprise,2024-11-20,581.71,f
30,USA,Finance,Enterprise,2025-10-21,1288.28,f
31,India,Tech,SME,2026-02-07,1193.03,t
32,Australia,Finance,Startup,2024-09-07,1016.10,f
33,Australia,Finance,Enterprise,2025-12-29,1343.45,f
34,Canada,Education,Enterprise,2025-08-01,2158.42,t
35,Australia,Retail,Enterprise,2024-01-29,392.49,f
36,Singapore,Education,Startup,2025-10-07,1293.93,f
37,Australia,Education,SME,2023-10-19,371.79,t
38,UK,Healthcare,Startup,2026-02-24,236.80,f
39,UK,Education,Enterprise,2024-04-04,890.84,t
40,USA,Tech,Enterprise,2026-01-15,1507.01,f
41,Brazil,Tech,SME,2025-05-01,1531.99,f
42,Germany,Education,Startup,2025-06-26,500.02,t
43,India,Education,SME,2024-10-19,1644.00,f
44,UK,Finance,Startup,2025-02-14,457.34,f
45,Canada,Education,SME,2024-05-31,1813.66,f
46,Australia,Tech,SME,2024-07-06,1728.32,f
47,India,Education,Enterprise,2023-11-02,770.01,f
48,UK,Education,Enterprise,2025-03-31,915.25,f
49,Australia,Education,SME,2023-09-27,337.16,t
50,UK,Retail,Startup,2025-08-09,446.56,t
51,Brazil,Tech,SME,2025-04-12,1319.94,t
52,Germany,Education,SME,2025-07-01,584.03,f
53,India,Tech,Enterprise,2024-04-08,542.40,f
54,Brazil,Healthcare,Enterprise,2024-10-22,1087.82,f
55,UK,Retail,SME,2025-04-29,2173.35,t
56,Singapore,Tech,Startup,2025-09-21,1744.03,f
57,Germany,Education,SME,2024-01-06,880.61,f
58,Brazil,Tech,SME,2024-10-01,1229.06,t
59,Brazil,Finance,SME,2023-12-15,874.47,f
60,Germany,Finance,SME,2024-05-05,1391.22,f
61,Singapore,Retail,Startup,2025-08-06,1762.51,f
62,Singapore,Tech,Enterprise,2025-07-15,1045.16,f
63,UK,Healthcare,Enterprise,2025-11-12,419.99,t
64,Germany,Education,Enterprise,2024-05-03,290.17,t
65,India,Education,SME,2025-07-21,1832.95,f
66,USA,Finance,Enterprise,2024-02-27,708.61,t
67,Australia,Retail,Startup,2024-05-10,851.36,f
68,Brazil,Healthcare,Enterprise,2026-02-08,1323.50,f
69,Australia,Education,Startup,2025-06-09,1872.48,f
70,Australia,Retail,Enterprise,2024-10-09,1989.88,f
71,Australia,Healthcare,Enterprise,2025-09-17,400.76,f
72,Australia,Finance,Enterprise,2025-11-06,393.13,t
73,Singapore,Finance,Enterprise,2024-06-20,1486.41,f
74,Singapore,Tech,Startup,2025-06-04,1270.75,t
75,Australia,Education,SME,2024-03-14,1397.53,f
76,India,Retail,Startup,2024-02-20,215.51,f
77,Singapore,Tech,Startup,2024-05-20,309.42,f
78,Canada,Finance,Startup,2025-11-17,1566.51,t
79,Germany,Healthcare,SME,2025-06-20,1903.82,f
80,Singapore,Tech,SME,2025-03-12,316.79,f
81,Singapore,Healthcare,SME,2025-07-03,297.45,t
82,India,Finance,SME,2024-06-29,416.19,f
83,Canada,Tech,SME,2025-03-30,2192.92,t
84,Singapore,Retail,Enterprise,2024-03-21,1342.27,f
85,UK,Education,Enterprise,2025-07-30,1284.70,f
86,UK,Tech,SME,2023-12-04,2011.69,t
87,Germany,Finance,Enterprise,2025-12-11,481.06,t
88,Canada,Education,SME,2025-01-29,1484.61,f
89,Australia,Education,Enterprise,2025-08-16,979.61,t
90,Brazil,Education,Enterprise,2025-01-09,1687.64,t
91,USA,Finance,Enterprise,2025-12-18,587.37,t
92,UK,Finance,Enterprise,2024-12-24,263.43,f
93,Germany,Tech,SME,2025-07-31,2015.48,f
94,UK,Finance,SME,2023-11-27,1415.10,t
95,Germany,Healthcare,Startup,2024-02-13,945.81,t
96,UK,Retail,SME,2024-09-20,1917.99,t
97,Singapore,Finance,Enterprise,2024-07-23,1756.43,t
98,USA,Retail,SME,2025-09-29,1785.89,t
99,Canada,Education,Enterprise,2026-03-04,453.38,f
100,India,Healthcare,SME,2023-11-24,537.38,f
101,Brazil,Healthcare,SME,2026-01-29,1128.71,f
102,Canada,Healthcare,SME,2026-01-08,897.95,f
103,India,Finance,Startup,2024-01-06,523.15,t
104,Singapore,Tech,Enterprise,2024-03-19,731.68,f
105,Australia,Retail,SME,2024-06-28,2026.45,f
106,UK,Tech,Enterprise,2023-10-18,1726.18,t
107,India,Healthcare,SME,2025-03-24,1420.94,t
108,Brazil,Education,Startup,2026-01-29,989.17,f
109,Germany,Tech,Enterprise,2025-05-19,574.23,f
110,Canada,Finance,SME,2024-01-31,1766.91,t
111,Australia,Healthcare,Startup,2025-02-16,1047.98,t
112,Canada,Tech,SME,2023-12-31,2158.33,f
113,Canada,Tech,Startup,2025-10-24,568.17,t
114,USA,Retail,SME,2024-04-22,1903.92,t
115,Germany,Tech,Startup,2025-08-28,949.47,f
116,Singapore,Healthcare,Enterprise,2025-12-10,2137.44,f
117,Singapore,Tech,SME,2025-10-13,1782.68,t
118,Brazil,Tech,Enterprise,2025-02-10,1347.49,f
119,Australia,Healthcare,Startup,2024-02-20,1513.55,f
120,India,Retail,SME,2025-05-09,270.31,t
121,Australia,Retail,Startup,2025-10-08,558.46,f
122,Canada,Education,Enterprise,2024-02-24,2136.35,f
123,USA,Finance,SME,2024-01-03,779.03,f
124,Australia,Retail,SME,2024-08-22,1546.68,f
125,Brazil,Education,SME,2025-05-23,914.91,t
126,USA,Finance,SME,2025-03-26,309.97,f
127,Germany,Healthcare,Startup,2025-09-27,1631.43,t
128,Australia,Tech,Startup,2023-12-25,730.74,f
129,Canada,Healthcare,Enterprise,2024-08-17,2001.85,f
130,Canada,Healthcare,Startup,2024-08-08,884.13,f
131,Canada,Education,SME,2024-06-25,436.55,f
132,USA,Education,SME,2025-03-13,1057.58,t
133,USA,Finance,Enterprise,2024-03-08,561.79,f
134,USA,Finance,Enterprise,2024-04-04,1221.40,t
135,India,Finance,Enterprise,2024-01-29,219.68,f
136,Germany,Healthcare,SME,2026-01-24,485.22,f
137,USA,Healthcare,Enterprise,2025-07-21,428.50,t
138,UK,Tech,SME,2024-04-30,1844.01,f
139,Canada,Finance,SME,2025-02-09,750.00,f
140,Germany,Tech,SME,2024-12-14,956.08,f
141,Singapore,Tech,Startup,2025-01-10,1451.05,f
142,Brazil,Retail,SME,2025-10-19,1266.77,f
143,Germany,Education,SME,2023-12-27,1020.63,t
144,Germany,Finance,Enterprise,2025-07-20,1210.83,f
145,UK,Finance,Enterprise,2025-09-20,1545.67,t
146,Canada,Tech,Enterprise,2026-02-08,695.22,t
147,Canada,Tech,Enterprise,2023-12-21,900.35,f
148,Brazil,Finance,SME,2025-04-29,1069.53,f
149,Singapore,Education,Startup,2025-12-16,1801.08,t
150,Germany,Healthcare,SME,2025-05-15,1449.57,f
151,Australia,Retail,Enterprise,2025-12-02,655.16,t
152,Brazil,Healthcare,SME,2025-07-10,1181.66,f
153,India,Education,SME,2025-08-09,2198.36,t
154,Singapore,Tech,Startup,2024-09-26,514.12,f
155,Germany,Education,Startup,2025-10-15,408.15,f
156,India,Finance,Enterprise,2025-11-24,1811.59,f
157,Canada,Finance,Enterprise,2024-12-07,1723.50,t
158,Germany,Education,Startup,2024-01-02,232.81,f
159,USA,Finance,SME,2024-11-07,2128.21,f
160,Australia,Retail,Enterprise,2024-10-27,1397.50,f
161,Germany,Tech,Startup,2025-07-01,375.98,t
162,Singapore,Education,Enterprise,2024-04-02,363.86,t
163,Brazil,Education,Enterprise,2024-05-16,1358.23,t
164,Canada,Education,Enterprise,2024-06-26,1940.24,t
165,India,Finance,SME,2024-02-09,1179.02,t
166,UK,Healthcare,Startup,2025-01-04,2013.10,f
167,Brazil,Healthcare,Startup,2025-12-07,1926.92,t
168,Australia,Education,Enterprise,2024-04-20,1874.11,t
169,UK,Healthcare,Enterprise,2025-10-20,821.23,f
170,Singapore,Education,Enterprise,2024-01-07,470.47,f
171,Singapore,Tech,SME,2026-02-11,215.60,f
172,Australia,Healthcare,SME,2025-03-09,1735.13,t
173,Brazil,Finance,SME,2024-10-16,780.35,f
174,India,Tech,Enterprise,2025-04-14,2170.50,t
175,UK,Retail,SME,2025-01-28,237.86,t
176,Singapore,Tech,SME,2024-10-21,1463.17,f
177,USA,Education,Enterprise,2025-11-26,1429.90,t
178,Singapore,Retail,SME,2024-06-12,1839.47,t
179,Germany,Tech,Enterprise,2024-02-12,2002.45,t
180,Germany,Education,SME,2025-09-11,1176.49,t
181,Germany,Tech,Enterprise,2025-02-04,1360.79,t
182,Brazil,Education,Startup,2025-05-20,1063.80,f
183,Singapore,Healthcare,SME,2025-03-02,1344.16,t
184,Brazil,Retail,Startup,2025-04-21,810.72,t
185,Brazil,Retail,Enterprise,2025-12-31,1002.36,f
186,Germany,Healthcare,SME,2025-12-26,805.74,f
187,Singapore,Retail,SME,2023-12-14,1273.32,f
188,Australia,Finance,SME,2024-07-31,809.95,t
189,USA,Education,Startup,2024-03-15,1029.73,f
190,Canada,Retail,SME,2024-03-29,1422.72,t
191,USA,Finance,SME,2024-11-29,285.80,f
192,UK,Healthcare,Startup,2024-05-24,629.41,t
193,Germany,Healthcare,Startup,2025-12-02,1600.13,f
194,USA,Finance,Startup,2025-10-27,720.00,f
195,Canada,Retail,SME,2026-01-23,1846.38,t
196,Germany,Healthcare,Enterprise,2024-11-13,2139.66,t
197,Germany,Finance,Startup,2025-08-29,1013.51,t
198,Singapore,Education,Startup,2025-12-26,921.08,f
199,Germany,Education,Startup,2024-01-31,626.27,t
200,UK,Healthcare,Startup,2025-02-04,1288.37,f
201,India,Education,Enterprise,2026-01-30,1171.34,f
202,India,Education,Enterprise,2024-06-25,1102.26,t
203,Australia,Healthcare,Enterprise,2024-06-25,847.20,t
204,Brazil,Tech,Enterprise,2024-05-07,1834.77,t
205,Singapore,Finance,SME,2024-05-17,478.91,f
206,Germany,Education,SME,2024-09-23,1420.26,t
207,Australia,Retail,SME,2025-05-10,306.63,f
208,Singapore,Healthcare,Startup,2025-09-08,1198.66,f
209,USA,Retail,Enterprise,2025-11-26,1501.62,f
210,Brazil,Healthcare,Startup,2024-05-31,1836.86,t
211,Canada,Tech,Enterprise,2023-11-30,654.28,f
212,Germany,Finance,SME,2025-02-05,2160.32,t
213,Brazil,Tech,SME,2026-01-04,1896.64,f
214,UK,Education,SME,2026-03-06,1362.74,f
215,India,Healthcare,Enterprise,2025-05-29,251.01,t
216,Canada,Finance,SME,2025-02-20,843.46,t
217,Brazil,Finance,Enterprise,2025-07-24,943.18,t
218,Germany,Finance,Enterprise,2025-06-07,1623.29,t
219,Germany,Retail,Startup,2025-08-06,1154.80,t
220,USA,Healthcare,Startup,2024-04-11,744.80,t
221,UK,Retail,Startup,2026-03-05,1818.78,t
222,Canada,Retail,Startup,2025-09-21,1963.56,t
223,Brazil,Retail,Enterprise,2023-11-20,393.07,f
224,India,Education,SME,2025-02-15,406.67,t
225,Germany,Tech,Startup,2024-05-01,1214.09,t
226,UK,Finance,Enterprise,2025-09-07,1162.57,f
227,USA,Education,SME,2025-10-25,1160.00,f
228,Germany,Education,SME,2024-04-28,734.28,t
229,India,Finance,Enterprise,2025-04-15,2071.69,t
230,India,Tech,Startup,2025-04-29,2040.29,f
231,UK,Finance,SME,2025-01-12,1745.95,f
232,USA,Education,SME,2025-11-16,2078.41,t
233,Brazil,Education,Startup,2024-01-20,1017.57,t
234,Germany,Healthcare,Enterprise,2025-12-08,222.09,t
235,Singapore,Finance,Enterprise,2025-01-06,1164.35,f
236,India,Finance,Enterprise,2025-07-03,1896.65,f
237,USA,Retail,SME,2025-12-18,738.24,f
238,Brazil,Healthcare,Startup,2024-06-27,1309.64,t
239,USA,Finance,Enterprise,2026-01-27,248.44,f
240,Australia,Retail,SME,2025-03-10,1508.65,t
241,Australia,Tech,Startup,2025-02-13,925.75,t
242,Singapore,Tech,SME,2024-04-09,968.16,t
243,Singapore,Retail,Enterprise,2025-02-03,1006.82,f
244,Australia,Finance,Enterprise,2024-11-03,1359.71,t
245,Singapore,Healthcare,SME,2024-06-05,1269.14,t
246,Brazil,Tech,Startup,2025-02-06,1018.68,t
247,Brazil,Healthcare,Enterprise,2025-03-02,1669.29,t
248,UK,Education,SME,2025-04-30,524.93,t
249,India,Education,Enterprise,2023-10-29,930.88,t
250,Canada,Retail,Startup,2024-08-12,568.45,f
251,USA,Tech,Enterprise,2025-10-02,1705.35,t
252,India,Education,SME,2023-10-27,240.97,t
253,USA,Tech,SME,2026-03-03,211.61,f
254,UK,Education,SME,2025-02-15,1412.39,f
255,Canada,Tech,Startup,2023-10-20,683.05,t
256,Singapore,Finance,Startup,2024-01-07,2162.73,f
257,Brazil,Education,SME,2023-11-16,554.77,f
258,UK,Healthcare,Startup,2026-01-16,1082.71,f
259,Brazil,Healthcare,Startup,2024-07-09,1145.57,f
260,Singapore,Healthcare,SME,2025-12-24,248.46,f
261,Canada,Retail,Startup,2024-02-01,1022.55,f
262,Brazil,Retail,Enterprise,2025-12-25,665.90,f
263,India,Finance,Enterprise,2025-04-07,2108.25,t
264,USA,Tech,Startup,2024-03-14,572.45,f
265,Australia,Tech,SME,2024-02-14,1003.85,f
266,Singapore,Healthcare,Startup,2024-12-03,1390.23,t
267,India,Finance,Enterprise,2023-11-08,1964.02,t
268,USA,Retail,Startup,2024-02-15,864.88,t
269,Brazil,Retail,Startup,2025-08-25,850.33,f
270,USA,Education,Enterprise,2023-10-11,1782.37,t
271,USA,Education,Startup,2025-03-25,1879.39,f
272,Brazil,Healthcare,SME,2025-11-21,829.23,t
273,Canada,Finance,Enterprise,2025-11-12,2094.28,f
274,India,Finance,Enterprise,2025-11-02,572.10,f
275,Brazil,Education,Enterprise,2024-01-01,1102.04,f
276,Singapore,Retail,Enterprise,2024-01-05,517.21,f
277,Singapore,Finance,SME,2023-10-02,462.22,t
278,Germany,Education,SME,2023-12-22,1225.98,f
279,Germany,Education,Enterprise,2024-03-16,282.49,f
280,UK,Education,Startup,2024-11-03,2069.26,t
281,Germany,Healthcare,Enterprise,2024-04-10,1526.59,f
282,UK,Finance,Enterprise,2024-12-21,1572.16,t
283,Brazil,Education,SME,2025-07-08,863.42,t
284,Brazil,Retail,Enterprise,2023-12-22,1111.60,f
285,Australia,Education,Startup,2026-02-06,1058.69,f
286,Brazil,Tech,SME,2024-05-24,304.04,t
287,India,Tech,SME,2025-05-09,302.61,f
288,Germany,Healthcare,Enterprise,2025-11-08,270.64,f
289,India,Finance,Startup,2024-08-24,267.32,t
290,Brazil,Finance,Startup,2024-01-27,1991.38,f
291,India,Healthcare,SME,2025-02-27,1288.56,t
292,India,Education,SME,2024-05-19,979.80,t
293,USA,Retail,Startup,2025-08-05,1239.11,t
294,Canada,Education,SME,2024-11-06,1267.76,t
295,Singapore,Tech,SME,2025-04-29,1421.19,f
296,UK,Healthcare,Enterprise,2024-08-26,1932.41,t
297,USA,Healthcare,Enterprise,2024-12-10,1750.25,f
298,Canada,Education,SME,2024-04-05,222.28,f
299,Canada,Healthcare,SME,2025-07-08,1088.56,f
300,Canada,Finance,Enterprise,2024-05-17,2111.11,t
301,Singapore,Tech,Enterprise,2025-09-08,1303.89,t
302,USA,Finance,Startup,2025-07-08,706.25,t
303,Germany,Tech,SME,2023-10-10,1815.93,f
304,Australia,Finance,SME,2024-02-15,2159.94,f
305,UK,Tech,Startup,2023-10-18,302.94,t
306,Singapore,Healthcare,Startup,2024-01-09,260.17,f
307,Singapore,Education,Startup,2024-10-08,1445.92,f
308,Singapore,Retail,SME,2025-07-23,359.97,t
309,Germany,Finance,Startup,2025-12-05,906.06,f
310,Australia,Finance,Startup,2024-05-18,1510.95,f
311,Canada,Tech,SME,2024-12-24,2110.69,f
312,Germany,Retail,Enterprise,2024-04-12,2162.35,f
313,India,Education,SME,2024-11-26,1445.96,t
314,India,Healthcare,Enterprise,2024-03-10,993.20,t
315,Australia,Education,SME,2025-02-28,1537.32,t
316,Brazil,Retail,Enterprise,2025-02-22,499.41,t
317,Germany,Tech,SME,2025-02-03,1806.15,f
318,USA,Retail,SME,2023-10-13,1554.78,f
319,Singapore,Education,Enterprise,2026-03-04,1818.06,f
320,UK,Healthcare,Startup,2025-11-10,440.11,t
321,Australia,Finance,Startup,2024-05-31,258.65,t
322,Brazil,Tech,Startup,2024-02-24,829.66,t
323,USA,Retail,Enterprise,2025-05-04,1186.85,f
324,Singapore,Tech,Startup,2024-06-18,204.30,f
325,Singapore,Education,Enterprise,2025-10-12,251.26,t
326,India,Retail,Startup,2024-12-03,1138.33,f
327,UK,Healthcare,SME,2024-03-30,1515.04,f
328,USA,Finance,Startup,2025-02-28,1390.18,t
329,India,Finance,Startup,2024-01-21,1168.52,t
330,Canada,Healthcare,SME,2025-11-05,1563.30,t
331,Brazil,Tech,Startup,2024-06-19,846.54,t
332,Canada,Healthcare,Startup,2025-10-05,758.92,t
333,India,Finance,Startup,2023-11-11,462.32,f
334,Germany,Retail,Startup,2024-12-05,1409.60,t
335,India,Tech,Startup,2024-01-18,789.38,f
336,UK,Finance,Enterprise,2024-07-17,227.86,t
337,Australia,Education,Enterprise,2024-01-03,299.56,t
338,Australia,Retail,Startup,2026-02-28,1588.12,f
339,Germany,Finance,Enterprise,2026-03-01,956.50,f
340,Australia,Tech,Enterprise,2024-11-01,1892.88,f
341,Australia,Healthcare,Enterprise,2025-09-08,437.39,t
342,Brazil,Retail,Startup,2024-10-26,1775.62,t
343,Germany,Retail,Startup,2023-10-14,1702.15,f
344,Canada,Retail,Startup,2024-08-04,719.37,t
345,India,Tech,Startup,2025-09-10,1786.73,t
346,UK,Healthcare,SME,2026-03-09,896.03,t
347,UK,Education,Startup,2023-10-03,963.20,f
348,Singapore,Education,Enterprise,2025-07-10,1432.68,t
349,USA,Finance,Startup,2024-01-28,300.70,t
350,Germany,Tech,SME,2024-11-17,1633.26,t
351,India,Retail,Enterprise,2024-11-22,1242.79,f
352,Brazil,Finance,Enterprise,2025-01-26,267.11,f
353,UK,Finance,Startup,2025-04-27,891.21,t
354,UK,Retail,SME,2025-10-20,1737.68,f
355,Australia,Education,Enterprise,2024-03-25,835.36,t
356,Canada,Retail,Enterprise,2024-04-11,959.90,f
357,Germany,Tech,Startup,2023-11-17,1143.83,t
358,USA,Education,Startup,2024-06-23,437.55,t
359,Canada,Tech,Enterprise,2025-05-04,1713.26,t
360,India,Healthcare,Startup,2025-04-13,534.54,f
361,Germany,Education,Startup,2024-11-18,1723.07,f
362,Canada,Retail,SME,2025-08-17,929.88,t
363,Canada,Finance,Enterprise,2025-09-05,1576.71,t
364,USA,Finance,Enterprise,2024-02-03,655.02,f
365,India,Education,Enterprise,2026-02-11,1530.78,t
366,Canada,Finance,Enterprise,2025-08-02,872.05,f
367,UK,Finance,Enterprise,2024-11-21,1915.09,t
368,UK,Healthcare,Enterprise,2026-02-17,1460.56,f
369,Singapore,Tech,Startup,2024-08-13,1557.97,t
370,USA,Tech,SME,2024-09-22,1035.37,f
371,India,Tech,Startup,2024-05-16,698.58,f
372,India,Tech,Startup,2025-01-03,450.38,f
373,Singapore,Finance,SME,2025-08-31,2186.81,t
374,Australia,Finance,Startup,2025-01-13,567.28,f
375,Canada,Retail,SME,2024-04-26,736.97,f
376,Germany,Finance,Startup,2026-02-12,1919.67,f
377,Brazil,Finance,Enterprise,2024-10-03,2169.00,f
378,India,Healthcare,Startup,2024-07-01,284.09,t
379,Brazil,Finance,SME,2024-05-26,1733.37,f
380,UK,Healthcare,Startup,2025-06-13,878.85,t
381,India,Retail,Enterprise,2026-02-24,1230.40,t
382,Singapore,Education,Startup,2024-06-23,368.26,t
383,Australia,Education,Startup,2025-11-11,345.20,t
384,Canada,Healthcare,Enterprise,2024-03-07,755.25,f
385,USA,Finance,Startup,2025-05-07,1635.30,f
386,USA,Finance,SME,2024-10-04,299.27,f
387,UK,Healthcare,Startup,2025-08-10,2160.10,t
388,USA,Finance,Startup,2024-12-21,769.94,f
389,UK,Healthcare,SME,2025-07-23,1787.61,t
390,USA,Retail,Startup,2023-12-01,1244.67,t
391,Brazil,Retail,Startup,2025-08-31,1717.10,f
392,Canada,Finance,SME,2024-09-17,2002.78,t
393,UK,Education,SME,2025-07-26,2067.32,t
394,Germany,Retail,Startup,2025-06-24,1355.49,t
395,USA,Tech,Startup,2023-11-25,356.96,t
396,Brazil,Retail,Startup,2024-01-10,1243.34,f
397,Germany,Retail,Enterprise,2024-10-16,941.95,t
398,Brazil,Tech,Enterprise,2025-01-15,650.19,f
399,Australia,Education,SME,2023-10-05,1977.87,t
400,Canada,Healthcare,Enterprise,2025-09-26,1600.54,t
401,Australia,Retail,Startup,2023-11-28,1670.09,t
402,Singapore,Education,SME,2024-02-18,1725.17,f
403,USA,Finance,SME,2024-08-24,954.81,f
404,USA,Tech,SME,2025-12-23,1050.94,t
405,USA,Tech,Startup,2023-12-27,1763.59,f
406,Brazil,Healthcare,SME,2025-10-21,1413.02,t
407,Australia,Education,Enterprise,2024-04-30,1407.47,t
408,Australia,Tech,Enterprise,2024-10-29,1490.80,f
409,Brazil,Education,Startup,2025-04-15,983.81,t
410,Brazil,Retail,Startup,2025-06-04,1368.27,t
411,UK,Retail,SME,2024-10-14,369.19,t
412,USA,Healthcare,Enterprise,2024-03-07,1794.82,f
413,Canada,Retail,Startup,2024-02-15,342.04,f
414,UK,Education,Startup,2025-09-08,1499.30,f
415,Germany,Retail,Enterprise,2024-12-31,781.30,t
416,Australia,Tech,Enterprise,2023-10-20,312.87,t
417,Brazil,Retail,SME,2023-11-09,1919.39,f
418,Singapore,Education,Startup,2024-11-25,1782.32,f
419,Canada,Finance,Enterprise,2026-03-06,441.95,t
420,Singapore,Tech,SME,2024-02-21,1387.29,t
421,India,Retail,SME,2023-10-21,1848.64,f
422,Singapore,Education,SME,2024-11-19,1402.56,t
423,Brazil,Education,SME,2024-05-31,535.42,t
424,India,Tech,Enterprise,2024-06-21,1295.79,f
425,India,Retail,Startup,2025-03-14,1251.91,t
426,Germany,Healthcare,Startup,2024-11-22,1821.22,t
427,USA,Retail,SME,2025-03-24,1632.85,t
428,Singapore,Tech,SME,2024-09-08,1003.98,t
429,UK,Retail,Enterprise,2024-11-09,1686.52,f
430,USA,Finance,Enterprise,2024-04-20,1341.57,t
431,Canada,Education,Startup,2025-01-29,1357.62,f
432,Germany,Healthcare,SME,2025-08-25,1700.49,f
433,Brazil,Healthcare,Enterprise,2024-10-21,216.73,t
434,Canada,Education,Startup,2025-02-15,1364.24,t
435,Canada,Finance,Enterprise,2024-11-30,719.12,f
436,USA,Healthcare,Enterprise,2025-10-20,1555.10,f
437,Singapore,Retail,Enterprise,2023-12-14,377.68,f
438,Brazil,Tech,Enterprise,2024-01-08,1583.28,f
439,Singapore,Tech,SME,2024-01-08,250.98,f
440,Australia,Retail,SME,2025-03-01,1589.61,t
441,UK,Healthcare,SME,2025-09-29,960.68,t
442,India,Education,Enterprise,2025-01-07,1387.05,f
443,Brazil,Finance,SME,2024-09-20,1624.23,t
444,Brazil,Retail,Startup,2024-05-09,618.83,t
445,India,Finance,SME,2025-03-10,1888.33,f
446,Singapore,Tech,SME,2026-01-01,1962.81,t
447,USA,Tech,SME,2025-10-05,2090.53,f
448,Germany,Education,Startup,2024-08-16,678.51,f
449,UK,Healthcare,Enterprise,2024-12-07,459.48,f
450,Singapore,Finance,Enterprise,2024-01-04,1980.67,f
451,Brazil,Education,Startup,2024-12-21,745.61,f
452,India,Education,Enterprise,2025-06-10,570.13,t
453,Singapore,Finance,Enterprise,2024-07-29,1794.99,t
454,India,Healthcare,Enterprise,2023-11-26,326.97,t
455,USA,Retail,Startup,2025-02-28,1005.08,f
456,Brazil,Finance,SME,2024-03-22,587.68,f
457,Canada,Education,Enterprise,2025-05-21,1880.70,t
458,USA,Finance,SME,2025-08-04,836.70,f
459,India,Retail,SME,2026-02-06,1702.73,f
460,Germany,Education,SME,2024-11-20,635.63,f
461,UK,Healthcare,Startup,2025-09-10,862.99,t
462,Canada,Education,Enterprise,2025-10-14,1687.96,f
463,UK,Tech,Enterprise,2026-02-03,1026.32,t
464,USA,Tech,SME,2024-02-12,2061.47,t
465,Germany,Tech,SME,2024-10-09,1840.71,t
466,Germany,Education,SME,2024-11-10,1951.04,t
467,Canada,Education,Startup,2025-08-15,754.28,f
468,UK,Finance,Enterprise,2025-02-28,1246.17,f
469,India,Retail,Enterprise,2024-11-25,267.62,f
470,Singapore,Education,Startup,2023-10-26,1455.79,t
471,Brazil,Tech,SME,2025-08-17,403.94,f
472,India,Healthcare,SME,2025-10-29,215.50,t
473,Germany,Retail,Enterprise,2024-07-30,2167.35,t
474,Singapore,Finance,SME,2023-10-02,1656.30,f
475,Singapore,Healthcare,Startup,2024-12-21,1402.83,f
476,Canada,Education,SME,2024-02-01,1825.98,f
477,Australia,Finance,Enterprise,2023-12-07,1085.51,f
478,USA,Finance,Enterprise,2024-11-15,460.79,t
479,India,Retail,Enterprise,2024-04-20,405.53,f
480,Canada,Tech,Enterprise,2025-12-24,795.18,t
481,Canada,Finance,Enterprise,2025-02-28,387.26,f
482,Australia,Education,Startup,2023-12-04,1235.54,f
483,USA,Finance,SME,2024-01-21,481.77,f
484,Brazil,Healthcare,Startup,2024-02-20,761.16,t
485,Canada,Finance,Enterprise,2025-03-29,1564.91,f
486,Canada,Healthcare,Startup,2026-02-21,1144.54,f
487,Australia,Tech,Startup,2024-10-26,2090.31,f
488,USA,Healthcare,Startup,2025-09-17,1256.63,f
489,USA,Healthcare,Startup,2025-09-23,926.79,f
490,Germany,Finance,Startup,2025-12-12,246.56,t
491,Canada,Tech,Enterprise,2024-12-13,1868.70,t
492,Germany,Finance,Enterprise,2024-05-18,1929.14,t
493,Australia,Retail,SME,2024-03-02,2115.58,f
494,Germany,Retail,Startup,2024-05-13,328.73,t
495,Australia,Healthcare,SME,2024-11-18,1924.40,t
496,India,Education,SME,2025-08-18,1677.87,t
497,Germany,Education,Enterprise,2025-11-25,1777.09,t
498,Canada,Education,Startup,2024-05-17,1074.15,t
499,Singapore,Retail,SME,2026-01-09,230.35,f
500,Singapore,Education,SME,2025-03-11,1864.92,f
501,Canada,Tech,Enterprise,2024-08-18,1456.45,t
502,Brazil,Tech,Startup,2026-02-10,1336.38,f
503,USA,Education,Enterprise,2024-02-16,2061.14,f
504,India,Healthcare,SME,2025-08-08,693.22,t
505,Brazil,Healthcare,SME,2025-04-24,433.95,t
506,Australia,Retail,Enterprise,2024-11-20,2131.50,f
507,USA,Retail,Startup,2024-08-26,2081.41,f
508,Canada,Retail,Enterprise,2023-09-28,1397.96,f
509,Brazil,Education,Enterprise,2025-11-09,2083.24,f
510,USA,Tech,Enterprise,2025-09-20,2096.14,f
511,UK,Education,SME,2024-03-14,558.98,f
512,India,Education,Enterprise,2023-12-21,792.50,t
513,UK,Healthcare,Startup,2025-05-07,965.07,t
514,India,Healthcare,SME,2024-08-12,1874.59,t
515,Singapore,Healthcare,Startup,2025-04-23,2007.78,f
516,Canada,Education,SME,2024-02-26,326.22,t
517,UK,Finance,Startup,2025-09-21,1665.87,f
518,UK,Finance,SME,2023-12-02,1582.35,t
519,Australia,Retail,Startup,2024-04-26,1820.82,t
520,Singapore,Healthcare,Enterprise,2024-04-05,1081.92,f
521,India,Finance,SME,2025-10-30,816.12,f
522,Singapore,Healthcare,SME,2024-06-02,774.56,f
523,Brazil,Education,Enterprise,2025-06-26,1953.26,f
524,UK,Healthcare,Startup,2025-08-18,1902.43,f
525,Singapore,Education,Startup,2024-11-07,838.73,t
526,UK,Healthcare,Startup,2024-04-28,420.82,f
527,Brazil,Tech,Enterprise,2024-01-06,370.56,t
528,USA,Retail,Enterprise,2024-07-17,298.29,t
529,India,Education,Enterprise,2025-09-02,1720.16,t
530,Australia,Healthcare,SME,2024-04-23,401.12,f
531,Germany,Finance,SME,2023-10-29,1978.80,f
532,India,Education,Startup,2026-03-04,1755.81,f
533,Germany,Education,Startup,2024-07-18,1681.99,t
534,Germany,Healthcare,Startup,2026-01-03,981.69,t
535,Germany,Tech,Startup,2023-12-09,1226.38,t
536,Germany,Retail,SME,2025-01-18,846.23,t
537,USA,Tech,Enterprise,2024-06-14,1248.24,f
538,Canada,Finance,Startup,2025-09-27,910.95,t
539,Canada,Education,Enterprise,2023-12-31,652.04,t
540,Singapore,Retail,SME,2025-04-26,1578.48,t
541,UK,Retail,SME,2023-11-05,1274.82,t
542,Australia,Retail,Enterprise,2025-11-13,1408.06,f
543,Singapore,Retail,Enterprise,2025-07-28,426.80,t
544,UK,Healthcare,Enterprise,2023-12-06,1826.37,t
545,Germany,Finance,Enterprise,2025-05-21,1054.32,t
546,Australia,Finance,Enterprise,2024-01-18,1872.28,f
547,Australia,Healthcare,Startup,2024-11-28,661.90,f
548,Canada,Finance,SME,2023-11-10,2174.49,t
549,Australia,Finance,Enterprise,2025-08-04,661.66,f
550,Australia,Tech,Startup,2025-08-06,722.56,t
551,Canada,Education,SME,2024-10-17,630.48,t
552,Australia,Tech,Enterprise,2025-09-06,953.53,t
553,India,Education,Enterprise,2024-08-14,1058.70,f
554,Canada,Finance,Startup,2025-07-09,1995.07,f
555,UK,Education,SME,2025-01-10,1812.52,f
556,Germany,Education,Enterprise,2024-12-26,414.20,f
557,India,Finance,SME,2024-02-22,568.63,t
558,Canada,Retail,Startup,2024-09-04,1407.47,t
559,UK,Finance,Enterprise,2025-03-08,1133.57,t
560,UK,Healthcare,SME,2025-04-28,1607.25,f
561,Canada,Retail,SME,2026-02-04,2075.72,t
562,Brazil,Tech,Startup,2025-07-13,1753.29,t
563,India,Healthcare,Enterprise,2023-11-09,1073.50,t
564,Germany,Education,Startup,2025-05-03,1572.12,t
565,USA,Healthcare,Startup,2024-05-28,980.99,f
566,USA,Finance,Enterprise,2024-09-08,2027.75,t
567,India,Finance,SME,2023-10-10,205.84,f
568,Canada,Healthcare,Startup,2024-02-09,1949.97,f
569,Canada,Retail,Enterprise,2026-02-08,838.41,f
570,Germany,Retail,Enterprise,2024-07-06,278.69,t
571,Brazil,Finance,SME,2025-08-06,772.32,t
572,UK,Healthcare,Enterprise,2024-02-24,2086.31,t
573,India,Tech,Enterprise,2025-01-24,1637.88,t
574,UK,Finance,Enterprise,2023-12-21,327.84,t
575,UK,Retail,SME,2024-08-16,1291.19,f
576,UK,Finance,SME,2024-04-09,2136.97,t
577,UK,Finance,Enterprise,2023-11-01,1966.21,t
578,Singapore,Tech,Startup,2023-12-02,917.34,f
579,USA,Healthcare,Startup,2025-04-22,637.21,t
580,Brazil,Finance,Enterprise,2023-10-01,793.44,t
581,USA,Tech,SME,2025-04-12,1110.39,t
582,UK,Finance,Startup,2024-09-14,948.50,t
583,Canada,Tech,Startup,2025-04-23,566.05,t
584,Brazil,Healthcare,SME,2024-08-08,1938.13,f
585,Canada,Education,Startup,2025-11-23,902.43,f
586,Brazil,Tech,Startup,2025-05-31,1701.52,f
587,India,Healthcare,SME,2025-09-12,1287.41,t
588,Germany,Healthcare,SME,2024-09-20,1582.40,t
589,UK,Education,SME,2025-01-15,1540.57,f
590,Brazil,Retail,Enterprise,2025-04-23,1108.20,f
591,Canada,Tech,Enterprise,2023-12-23,816.91,t
592,Canada,Finance,Startup,2024-05-12,1998.96,f
593,India,Healthcare,SME,2025-08-20,286.92,t
594,Brazil,Healthcare,Enterprise,2025-01-15,2103.06,f
595,Australia,Finance,Startup,2025-07-02,2119.46,f
596,UK,Finance,SME,2025-04-15,1411.66,f
597,UK,Education,Startup,2026-02-08,946.22,t
598,UK,Healthcare,SME,2024-11-08,364.87,t
599,USA,Education,Enterprise,2024-01-14,287.17,t
600,USA,Tech,Enterprise,2025-02-16,1828.60,f
601,UK,Education,SME,2024-09-28,280.04,f
602,Brazil,Education,Startup,2024-05-20,1675.60,t
603,Canada,Education,Startup,2024-10-16,460.48,f
604,Brazil,Tech,SME,2025-01-05,1197.72,t
605,Brazil,Tech,Enterprise,2024-02-12,585.44,t
606,Canada,Retail,SME,2023-11-18,1458.11,t
607,India,Finance,SME,2025-09-02,1766.08,t
608,UK,Healthcare,Enterprise,2024-01-23,862.62,f
609,India,Tech,Startup,2025-09-23,1718.35,t
610,India,Tech,Enterprise,2024-01-08,227.33,f
611,USA,Tech,Startup,2023-11-23,1729.46,f
612,Singapore,Retail,Startup,2023-10-19,1789.40,f
613,India,Healthcare,Startup,2026-02-08,1633.02,f
614,India,Tech,SME,2024-03-28,1657.18,t
615,India,Education,SME,2024-09-19,692.21,t
616,Singapore,Healthcare,SME,2024-08-16,1302.58,t
617,India,Education,Enterprise,2024-07-03,1496.61,t
618,Australia,Finance,SME,2025-06-10,734.67,f
619,Canada,Finance,Enterprise,2024-02-03,1145.80,t
620,UK,Education,SME,2025-03-30,1002.50,f
621,UK,Finance,Startup,2024-06-17,1454.47,t
622,UK,Healthcare,SME,2025-09-14,1300.89,t
623,Singapore,Healthcare,Startup,2024-02-02,479.67,t
624,Germany,Healthcare,Startup,2023-10-20,935.54,t
625,Singapore,Retail,Enterprise,2024-08-15,1706.05,f
626,Canada,Tech,Startup,2024-12-12,1388.02,f
627,Brazil,Finance,Enterprise,2025-07-12,2148.52,f
628,USA,Education,SME,2025-09-27,524.02,f
629,Canada,Retail,Startup,2024-01-02,1612.63,t
630,USA,Finance,Enterprise,2024-11-17,2159.57,f
631,Australia,Retail,Startup,2026-01-06,1610.85,t
632,Australia,Healthcare,Enterprise,2023-11-18,2064.45,t
633,Germany,Tech,SME,2024-07-23,1067.85,f
634,UK,Education,SME,2025-03-05,1840.81,t
635,Australia,Retail,Enterprise,2024-05-20,1025.02,f
636,Singapore,Finance,Enterprise,2024-11-03,389.97,t
637,USA,Finance,SME,2025-01-27,1145.54,f
638,USA,Education,Startup,2023-11-21,1261.65,t
639,Australia,Finance,Enterprise,2026-01-02,1401.49,t
640,Australia,Retail,SME,2025-04-08,1859.04,t
641,Germany,Tech,Startup,2025-11-30,537.59,f
642,Brazil,Healthcare,Enterprise,2025-07-26,1044.15,f
643,India,Retail,Enterprise,2025-05-28,1759.10,t
644,Canada,Retail,Enterprise,2024-05-13,1161.52,t
645,Brazil,Tech,Startup,2023-12-29,1118.18,f
646,UK,Finance,SME,2025-05-18,1522.77,f
647,Singapore,Finance,Enterprise,2025-11-10,980.71,f
648,Australia,Education,Startup,2024-11-24,460.12,t
649,Canada,Education,Enterprise,2026-01-15,715.82,t
650,Germany,Finance,Startup,2024-06-24,1526.29,t
651,Germany,Finance,SME,2023-12-29,393.90,f
652,Australia,Education,Startup,2024-03-20,1362.13,f
653,Canada,Retail,Startup,2025-09-06,640.61,t
654,Australia,Education,SME,2024-09-21,489.00,f
655,India,Retail,SME,2025-05-08,2025.50,t
656,UK,Tech,Startup,2025-09-09,1061.97,f
657,Australia,Retail,Enterprise,2024-11-27,1778.11,t
658,Germany,Tech,Startup,2025-12-31,1663.11,t
659,UK,Education,SME,2024-01-12,1094.98,f
660,UK,Tech,Startup,2026-03-08,979.28,f
661,Canada,Finance,SME,2025-09-07,1366.62,f
662,Singapore,Tech,Enterprise,2025-06-30,1051.24,t
663,Brazil,Finance,Startup,2024-08-16,974.90,f
664,India,Finance,Enterprise,2024-06-27,918.94,t
665,USA,Education,Enterprise,2023-09-30,1169.62,f
666,India,Education,Startup,2024-01-25,1263.05,t
667,Singapore,Tech,Enterprise,2025-11-03,1682.28,t
668,USA,Education,SME,2025-09-13,1744.64,f
669,Canada,Finance,Startup,2024-08-17,1717.03,t
670,Germany,Finance,SME,2026-01-17,312.37,t
671,Singapore,Finance,SME,2025-06-19,597.49,f
672,Singapore,Finance,Enterprise,2025-10-31,1839.75,t
673,USA,Education,Startup,2025-01-20,1068.75,f
674,USA,Education,SME,2025-11-29,1574.07,t
675,UK,Retail,Startup,2024-04-22,971.05,t
676,Australia,Retail,SME,2024-03-29,1813.35,t
677,Canada,Retail,Startup,2024-12-12,608.72,f
678,Brazil,Retail,Enterprise,2024-10-17,603.11,f
679,Australia,Finance,Enterprise,2024-05-09,1297.14,t
680,Canada,Retail,SME,2023-12-09,774.61,t
681,Singapore,Finance,Startup,2025-10-10,1299.95,t
682,Germany,Healthcare,Enterprise,2025-07-17,616.44,t
683,UK,Healthcare,Startup,2024-05-25,1825.71,f
684,Brazil,Education,Startup,2024-12-15,1884.31,t
685,Australia,Finance,Enterprise,2025-09-14,842.48,f
686,Brazil,Retail,Enterprise,2025-11-08,809.63,f
687,Canada,Education,Enterprise,2025-09-27,1575.03,f
688,USA,Healthcare,Startup,2025-12-04,824.51,f
689,India,Education,SME,2026-01-14,1780.17,f
690,UK,Education,Enterprise,2024-01-23,1562.25,f
691,Germany,Retail,SME,2024-07-15,860.15,f
692,Singapore,Tech,Enterprise,2025-11-07,746.76,f
693,USA,Healthcare,Startup,2024-10-28,2067.82,t
694,Germany,Tech,Startup,2025-08-17,1918.91,f
695,USA,Education,SME,2024-11-13,1184.48,t
696,USA,Tech,SME,2023-11-10,1531.77,t
697,Germany,Education,SME,2025-01-10,609.61,t
698,Australia,Retail,SME,2025-11-18,222.80,t
699,Australia,Finance,Startup,2025-04-22,564.23,f
700,Germany,Retail,Enterprise,2024-06-20,1794.76,t
701,Germany,Finance,Enterprise,2025-12-06,2002.93,t
702,Brazil,Finance,SME,2025-03-04,1386.01,f
703,Canada,Education,SME,2025-07-25,545.09,f
704,Australia,Healthcare,Enterprise,2024-10-09,1528.57,t
705,Australia,Education,Startup,2025-02-04,2125.65,f
706,Germany,Finance,SME,2025-10-01,326.20,t
707,Canada,Retail,Enterprise,2025-01-22,1118.19,f
708,UK,Education,Startup,2024-08-28,1137.24,f
709,Brazil,Healthcare,SME,2025-05-11,1416.02,f
710,India,Retail,SME,2023-11-29,1970.27,f
711,USA,Healthcare,Enterprise,2024-01-16,581.77,f
712,Australia,Education,Startup,2025-05-07,230.36,t
713,Canada,Healthcare,SME,2024-07-17,402.27,t
714,India,Healthcare,SME,2024-04-12,1801.29,f
715,India,Finance,SME,2025-10-31,1651.34,f
716,Brazil,Retail,Enterprise,2025-07-06,253.37,f
717,Singapore,Healthcare,Enterprise,2025-05-28,1747.82,f
718,Singapore,Education,SME,2025-04-25,1229.19,t
719,Singapore,Tech,Startup,2026-01-18,464.15,f
720,Canada,Healthcare,Enterprise,2025-12-29,1680.63,f
721,USA,Finance,Startup,2025-07-03,305.98,f
722,Australia,Finance,SME,2024-03-25,504.38,f
723,USA,Finance,SME,2025-06-13,1139.16,t
724,USA,Tech,SME,2024-04-06,1309.40,t
725,India,Finance,Enterprise,2025-02-04,1212.84,t
726,USA,Finance,SME,2025-12-22,998.40,t
727,Australia,Retail,Enterprise,2025-05-28,2177.03,f
728,India,Education,SME,2024-08-18,841.35,t
729,Brazil,Retail,SME,2025-07-23,1837.48,f
730,Australia,Retail,Startup,2026-02-25,390.43,t
731,Germany,Education,Enterprise,2025-08-17,621.34,t
732,Australia,Retail,SME,2024-01-29,1678.55,f
733,Brazil,Retail,SME,2024-01-03,1733.97,t
734,India,Tech,Enterprise,2024-07-24,1666.96,t
735,Singapore,Education,Startup,2025-07-11,911.41,t
736,USA,Finance,Enterprise,2025-01-19,523.83,t
737,Australia,Retail,SME,2024-12-23,1197.17,f
738,Canada,Healthcare,Enterprise,2025-06-04,1447.45,f
739,UK,Retail,Startup,2024-07-26,719.00,t
740,Australia,Education,Startup,2023-10-10,938.85,f
741,USA,Tech,Startup,2024-12-09,1298.04,f
742,USA,Education,Startup,2024-09-05,851.05,t
743,Brazil,Education,SME,2025-11-30,1143.49,f
744,UK,Retail,Startup,2023-11-10,231.26,f
745,Australia,Finance,Startup,2025-02-16,641.84,f
746,Australia,Finance,Enterprise,2025-03-09,483.95,t
747,USA,Healthcare,Startup,2025-05-27,325.55,t
748,Germany,Education,Startup,2026-01-05,1719.26,t
749,Singapore,Education,Enterprise,2025-07-05,856.54,f
750,India,Finance,Enterprise,2024-04-11,567.92,t
751,UK,Retail,Enterprise,2025-03-23,1862.64,t
752,Germany,Education,Startup,2025-09-08,254.64,t
753,UK,Finance,Startup,2026-01-08,1301.22,f
754,USA,Healthcare,Startup,2024-05-16,2030.68,t
755,Australia,Healthcare,Startup,2025-01-16,265.42,t
756,USA,Healthcare,Startup,2023-10-23,2131.88,f
757,UK,Finance,SME,2025-05-12,1762.99,t
758,Canada,Finance,Startup,2024-05-10,1316.39,t
759,Brazil,Education,Enterprise,2024-04-09,588.66,f
760,UK,Finance,SME,2025-04-19,1265.90,f
761,USA,Tech,Startup,2024-01-06,1884.75,t
762,India,Finance,Enterprise,2024-02-19,1998.77,f
763,India,Education,Enterprise,2024-07-17,1191.43,f
764,Brazil,Retail,Enterprise,2024-12-07,1693.72,f
765,UK,Finance,Startup,2025-05-03,931.63,t
766,Brazil,Tech,SME,2024-10-12,2183.29,t
767,Canada,Healthcare,Startup,2024-08-15,1938.59,f
768,UK,Tech,Enterprise,2025-11-30,1882.05,f
769,Brazil,Education,Startup,2025-04-29,1207.74,t
770,USA,Retail,Startup,2024-07-27,1713.63,t
771,USA,Tech,Startup,2024-09-20,1236.16,f
772,Singapore,Finance,Startup,2025-10-19,530.65,f
773,UK,Retail,Startup,2024-10-01,1640.08,t
774,Australia,Finance,Enterprise,2025-01-01,904.75,f
775,Brazil,Tech,SME,2024-04-08,1615.69,f
776,Canada,Retail,Startup,2025-08-07,834.86,t
777,Germany,Education,Startup,2025-10-08,1413.39,t
778,Brazil,Healthcare,Startup,2024-05-31,1616.00,t
779,India,Education,SME,2023-10-02,1226.56,f
780,Canada,Tech,SME,2023-11-22,986.28,f
781,USA,Healthcare,SME,2024-04-24,438.02,t
782,USA,Education,Enterprise,2025-07-08,1100.82,f
783,UK,Healthcare,Enterprise,2024-07-05,1144.56,f
784,UK,Healthcare,SME,2024-07-25,525.88,f
785,Singapore,Retail,SME,2024-12-01,1042.07,t
786,Canada,Tech,SME,2024-09-07,345.56,f
787,Brazil,Retail,SME,2024-05-22,863.42,f
788,Australia,Education,Enterprise,2024-08-14,548.92,f
789,Canada,Healthcare,Startup,2023-10-31,1046.84,f
790,India,Healthcare,SME,2025-12-06,696.84,t
791,Brazil,Healthcare,Startup,2025-02-11,389.86,t
792,Australia,Education,SME,2025-10-22,2199.11,f
793,UK,Tech,SME,2023-11-10,1092.96,t
794,Australia,Finance,Enterprise,2024-12-14,1811.03,t
795,Singapore,Education,Startup,2025-06-10,1382.26,t
796,India,Tech,SME,2024-05-29,369.19,t
797,Canada,Healthcare,SME,2024-11-20,933.14,f
798,USA,Education,SME,2024-10-08,1018.18,f
799,USA,Healthcare,Enterprise,2025-06-16,1013.77,f
800,Germany,Tech,SME,2024-12-17,1701.53,t
801,Canada,Finance,Enterprise,2023-11-19,1285.20,t
802,India,Finance,Enterprise,2024-06-02,1086.21,f
803,Brazil,Tech,SME,2024-11-24,2160.65,f
804,USA,Finance,Enterprise,2023-12-14,1900.79,t
805,USA,Healthcare,SME,2024-12-31,2044.31,f
806,Singapore,Tech,SME,2024-04-24,612.91,f
807,India,Finance,Startup,2025-05-30,1480.91,t
808,Brazil,Retail,SME,2025-10-14,612.67,f
809,Brazil,Finance,SME,2024-08-29,1864.58,t
810,Canada,Finance,SME,2023-12-02,705.48,t
811,USA,Retail,Startup,2024-05-27,1648.38,t
812,Australia,Finance,Startup,2025-09-20,1416.82,t
813,Germany,Education,Startup,2024-04-16,916.15,t
814,Germany,Education,Startup,2026-02-23,459.78,f
815,Singapore,Healthcare,SME,2025-03-12,1117.81,f
816,USA,Education,Startup,2025-05-15,1558.12,f
817,Germany,Finance,Startup,2024-12-03,533.97,f
818,Canada,Healthcare,Startup,2025-10-20,1026.51,f
819,Germany,Retail,Startup,2025-05-09,1722.37,t
820,Australia,Finance,Enterprise,2024-12-15,708.27,t
821,Brazil,Tech,Startup,2024-08-17,1682.52,f
822,India,Tech,Startup,2025-08-18,2058.83,f
823,Australia,Tech,SME,2024-03-16,2002.50,f
824,Canada,Tech,Startup,2025-11-02,477.77,t
825,Germany,Retail,Startup,2025-09-09,366.95,f
826,USA,Tech,Startup,2026-02-03,620.50,t
827,USA,Finance,Startup,2025-02-25,1472.33,f
828,Germany,Retail,SME,2024-09-26,1305.05,f
829,Brazil,Healthcare,SME,2025-10-19,1603.35,t
830,Canada,Healthcare,Startup,2024-02-05,239.87,f
831,Germany,Education,Enterprise,2023-12-30,669.54,t
832,Germany,Finance,Startup,2024-01-14,1346.08,t
833,Canada,Tech,Enterprise,2025-10-07,641.36,f
834,Germany,Healthcare,Startup,2025-06-03,1609.34,t
835,Brazil,Retail,SME,2023-12-25,1249.39,t
836,Singapore,Retail,SME,2024-02-05,1875.99,f
837,India,Education,Startup,2025-02-09,583.16,t
838,UK,Education,SME,2024-03-28,1894.69,f
839,Canada,Education,Startup,2024-03-27,2012.70,t
840,UK,Finance,SME,2024-01-23,1633.04,t
841,Brazil,Healthcare,Enterprise,2025-11-11,1553.13,f
842,USA,Education,SME,2025-08-12,1142.71,t
843,Singapore,Retail,Enterprise,2025-05-15,807.10,t
844,USA,Retail,SME,2025-07-28,1722.85,t
845,Canada,Finance,Enterprise,2026-02-15,2149.34,t
846,UK,Tech,SME,2025-10-11,1593.50,t
847,Canada,Healthcare,Enterprise,2023-12-05,483.93,f
848,Singapore,Finance,Startup,2023-11-04,1657.75,f
849,Australia,Retail,SME,2024-08-16,255.47,f
850,Australia,Tech,Startup,2024-03-01,1497.57,f
851,USA,Finance,Enterprise,2024-11-30,1080.20,f
852,UK,Education,Enterprise,2024-09-11,2077.51,f
853,Germany,Finance,SME,2024-02-28,1331.59,f
854,India,Retail,Startup,2024-08-13,2135.81,f
855,India,Retail,Enterprise,2026-02-12,2054.03,f
856,Canada,Healthcare,Enterprise,2025-04-26,621.14,t
857,UK,Education,SME,2024-04-25,1310.59,f
858,India,Retail,Enterprise,2024-01-04,2116.32,f
859,Brazil,Tech,Startup,2025-10-27,448.89,f
860,Germany,Tech,Enterprise,2024-05-11,1894.40,f
861,Germany,Healthcare,SME,2025-07-04,399.02,t
862,Brazil,Healthcare,Startup,2024-03-13,1697.91,f
863,India,Finance,Startup,2024-06-28,1473.49,t
864,Germany,Education,Enterprise,2025-03-20,451.43,f
865,India,Healthcare,Startup,2024-06-27,993.41,t
866,Canada,Education,Enterprise,2025-07-02,1397.97,f
867,UK,Finance,Enterprise,2026-01-16,1509.85,f
868,Australia,Education,Enterprise,2024-12-02,691.18,f
869,USA,Tech,SME,2024-07-19,1759.10,f
870,Germany,Finance,SME,2025-04-13,1953.13,t
871,Brazil,Healthcare,Enterprise,2025-02-27,920.07,f
872,Singapore,Retail,SME,2024-08-13,1812.47,t
873,Canada,Healthcare,Enterprise,2025-03-25,607.49,t
874,Brazil,Finance,Startup,2024-03-16,1842.97,t
875,Canada,Finance,SME,2025-03-08,1348.22,t
876,India,Finance,Enterprise,2025-12-17,2075.25,t
877,USA,Tech,Startup,2025-05-22,978.51,t
878,India,Retail,Enterprise,2025-11-29,1402.77,f
879,UK,Finance,SME,2025-08-05,1820.71,t
880,Brazil,Finance,Enterprise,2024-07-19,1826.42,t
881,Brazil,Healthcare,Startup,2024-10-23,2196.30,t
882,Singapore,Healthcare,Startup,2024-06-01,1089.70,f
883,UK,Healthcare,Enterprise,2026-02-17,1247.64,t
884,Canada,Education,Enterprise,2023-10-24,1873.75,t
885,Singapore,Tech,Startup,2026-02-05,1005.35,f
886,USA,Finance,Startup,2025-06-19,1591.61,f
887,UK,Retail,Enterprise,2025-03-14,1392.47,f
888,India,Retail,SME,2024-08-01,781.09,t
889,India,Retail,SME,2024-11-16,2166.66,f
890,Brazil,Healthcare,Startup,2025-12-12,429.70,t
891,Brazil,Finance,SME,2024-04-28,1867.13,f
892,Australia,Tech,SME,2025-11-11,722.17,f
893,Singapore,Healthcare,SME,2024-04-13,1475.46,f
894,Brazil,Healthcare,Startup,2023-10-05,536.94,f
895,Australia,Healthcare,SME,2025-06-10,252.59,f
896,Brazil,Education,SME,2024-08-04,2068.26,f
897,Australia,Finance,Startup,2024-12-19,200.31,t
898,USA,Finance,Enterprise,2024-06-02,1196.10,f
899,India,Tech,Startup,2023-10-03,508.45,t
900,Brazil,Healthcare,Enterprise,2026-01-13,758.80,t
901,USA,Healthcare,Startup,2024-12-26,1505.58,f
902,Singapore,Finance,SME,2025-06-15,304.70,f
903,Germany,Education,Enterprise,2024-12-11,1460.17,f
904,Canada,Healthcare,Startup,2025-08-25,1765.38,f
905,Canada,Tech,SME,2025-01-09,679.83,t
906,India,Education,Startup,2026-01-12,382.87,t
907,Canada,Retail,Enterprise,2024-11-02,1285.57,t
908,Australia,Healthcare,SME,2025-11-08,1183.66,t
909,Canada,Retail,Startup,2025-04-13,1850.84,f
910,Brazil,Finance,SME,2024-05-15,1605.46,f
911,Brazil,Healthcare,Startup,2024-12-07,1918.88,f
912,India,Retail,Enterprise,2024-01-15,447.83,f
913,India,Finance,Enterprise,2023-10-28,1636.38,t
914,Germany,Retail,SME,2023-12-07,2125.02,t
915,Singapore,Tech,Startup,2024-06-06,1760.82,t
916,Germany,Retail,Enterprise,2025-11-19,1646.62,f
917,Australia,Retail,Enterprise,2023-10-23,1931.74,t
918,UK,Education,Startup,2024-05-16,1443.51,f
919,Australia,Education,SME,2024-02-19,991.13,t
920,Australia,Education,Enterprise,2025-05-26,1736.96,f
921,Brazil,Retail,SME,2025-02-01,1541.84,f
922,Canada,Tech,SME,2023-12-01,608.98,f
923,Germany,Education,Enterprise,2025-03-01,1862.80,f
924,Germany,Retail,Startup,2023-12-18,714.58,t
925,Canada,Retail,Startup,2025-10-23,910.97,f
926,USA,Tech,Startup,2025-12-18,2142.27,t
927,Canada,Education,SME,2025-06-08,1785.97,t
928,Canada,Finance,Startup,2025-08-09,1745.89,f
929,Germany,Finance,Startup,2024-01-17,1414.46,t
930,Singapore,Education,Enterprise,2023-12-27,393.53,f
931,Canada,Tech,Startup,2025-08-20,210.39,f
932,Brazil,Finance,Startup,2025-08-21,1859.69,f
933,USA,Healthcare,SME,2025-05-05,480.82,t
934,USA,Retail,Enterprise,2026-01-23,712.32,f
935,Canada,Tech,SME,2025-11-11,1699.09,f
936,Singapore,Education,SME,2024-06-05,1981.81,t
937,Brazil,Tech,SME,2026-03-02,1272.66,t
938,Australia,Education,Startup,2024-10-04,1866.73,f
939,India,Retail,Enterprise,2025-02-21,1207.28,t
940,Brazil,Healthcare,Enterprise,2025-04-11,2107.59,f
941,Singapore,Tech,Startup,2024-07-22,1195.53,t
942,Singapore,Education,SME,2025-04-04,2034.08,t
943,Germany,Healthcare,Startup,2023-10-09,1687.45,f
944,UK,Retail,Startup,2025-04-14,1687.45,f
945,UK,Finance,SME,2024-04-25,1289.28,t
946,Germany,Finance,Startup,2025-10-26,343.96,t
947,India,Retail,Startup,2024-05-17,614.68,f
948,Canada,Tech,SME,2024-11-14,577.99,t
949,Singapore,Education,Startup,2025-07-04,365.96,f
950,Singapore,Healthcare,Startup,2025-11-08,517.45,t
951,UK,Healthcare,Enterprise,2025-03-12,1086.87,f
952,UK,Finance,SME,2025-04-20,1620.70,t
953,Canada,Finance,SME,2024-12-29,1738.78,t
954,Canada,Education,Startup,2025-11-16,794.51,f
955,Germany,Education,Enterprise,2023-10-14,1673.63,t
956,Singapore,Education,Startup,2024-08-26,600.70,t
957,India,Education,Enterprise,2024-04-17,1674.79,f
958,Brazil,Healthcare,Enterprise,2024-08-26,1726.86,t
959,Singapore,Education,Startup,2024-04-17,1774.24,t
960,Australia,Finance,SME,2024-07-09,1660.57,f
961,Australia,Healthcare,Enterprise,2025-07-24,1705.25,t
962,India,Education,Startup,2024-04-26,1066.67,f
963,USA,Tech,SME,2025-08-25,646.10,t
964,UK,Education,Enterprise,2025-10-14,1898.73,t
965,Germany,Tech,Startup,2025-05-20,451.01,t
966,UK,Tech,Startup,2024-09-29,1289.92,f
967,India,Education,SME,2026-01-17,2109.80,f
968,India,Healthcare,Startup,2023-12-28,2152.82,t
969,Germany,Education,SME,2025-11-23,1450.57,t
970,USA,Tech,Startup,2026-03-10,1236.62,t
971,Brazil,Healthcare,SME,2024-12-23,1462.66,f
972,UK,Education,Startup,2024-12-29,1804.63,t
973,Germany,Healthcare,SME,2026-03-11,968.40,f
974,Singapore,Tech,Enterprise,2024-08-04,726.89,f
975,UK,Finance,Startup,2025-02-07,1582.05,f
976,Singapore,Healthcare,Enterprise,2025-07-25,1531.81,t
977,Brazil,Tech,Enterprise,2024-05-28,1161.52,t
978,Australia,Tech,Enterprise,2025-09-25,2042.96,f
979,Brazil,Finance,SME,2024-04-09,491.29,t
980,USA,Tech,Enterprise,2025-10-21,400.40,f
981,Singapore,Finance,SME,2026-02-24,1167.86,t
982,USA,Tech,SME,2025-03-12,417.54,f
983,Singapore,Finance,SME,2025-11-13,391.96,t
984,Australia,Finance,Startup,2024-10-22,2093.17,f
985,Singapore,Healthcare,Enterprise,2024-06-23,1882.39,t
986,Australia,Tech,SME,2024-02-09,1241.08,f
987,USA,Education,Enterprise,2024-07-04,1661.81,f
988,UK,Tech,Startup,2024-11-15,1594.35,t
989,USA,Healthcare,SME,2024-08-22,1862.16,f
990,Germany,Healthcare,Startup,2024-05-10,1203.97,f
991,Australia,Education,SME,2026-03-05,1021.91,f
992,Australia,Retail,Startup,2025-06-30,1063.52,t
993,USA,Healthcare,Enterprise,2026-02-28,1837.17,t
994,Germany,Finance,SME,2024-10-16,859.70,f
995,Singapore,Tech,SME,2023-11-24,1327.27,f
996,Singapore,Finance,Enterprise,2025-06-07,353.14,f
997,Germany,Tech,Enterprise,2025-10-30,1153.23,f
998,Germany,Education,SME,2024-06-27,656.54,f
999,Brazil,Retail,Startup,2025-05-24,994.83,t
1000,Brazil,Tech,Enterprise,2023-12-24,1513.00,t
1001,Canada,Tech,Enterprise,2024-06-29,1034.54,f
1002,Canada,Retail,Enterprise,2025-11-21,1198.92,f
1003,Canada,Tech,SME,2024-04-01,1030.29,f
1004,India,Tech,SME,2024-07-11,1285.69,t
1005,India,Education,Enterprise,2024-07-06,1509.16,f
1006,Canada,Education,Enterprise,2025-01-01,1603.34,t
1007,Canada,Finance,SME,2024-09-28,1423.16,t
1008,Germany,Retail,SME,2024-04-09,1677.36,t
1009,Australia,Education,Enterprise,2025-01-08,297.18,f
1010,India,Tech,Enterprise,2024-03-13,1767.10,t
1011,UK,Education,Startup,2025-04-12,383.35,f
1012,India,Retail,Startup,2024-09-11,1920.85,f
1013,Australia,Tech,Startup,2024-02-11,2003.47,t
1014,Germany,Healthcare,Enterprise,2025-04-02,1040.10,f
1015,USA,Retail,SME,2024-05-05,1503.67,t
1016,UK,Finance,SME,2025-02-02,232.57,f
1017,UK,Retail,SME,2025-12-26,569.25,f
1018,Germany,Finance,SME,2025-05-28,415.58,t
1019,Canada,Education,Enterprise,2025-07-21,1441.61,t
1020,Brazil,Tech,SME,2023-12-23,2113.03,t
1021,Brazil,Retail,Startup,2024-07-03,1043.27,f
1022,Canada,Retail,Startup,2025-05-03,873.02,f
1023,Singapore,Finance,SME,2025-11-02,986.48,t
1024,Germany,Education,Startup,2025-10-01,533.75,f
1025,UK,Tech,SME,2024-02-03,478.37,f
1026,Germany,Retail,Enterprise,2024-07-16,887.11,t
1027,Brazil,Retail,Enterprise,2024-10-05,1883.44,t
1028,UK,Education,Startup,2025-10-17,1643.59,t
1029,USA,Education,Startup,2024-02-28,519.93,t
1030,UK,Tech,Enterprise,2024-06-23,1848.78,f
1031,Brazil,Finance,SME,2026-01-18,329.19,f
1032,Australia,Education,SME,2023-11-19,900.43,t
1033,USA,Education,Enterprise,2025-02-21,1905.56,f
1034,USA,Tech,Enterprise,2024-10-27,620.97,f
1035,India,Retail,Startup,2025-05-25,532.20,t
1036,USA,Tech,SME,2024-03-02,1205.60,t
1037,Canada,Tech,Startup,2025-08-03,594.95,t
1038,UK,Healthcare,Enterprise,2026-02-11,1244.25,t
1039,Germany,Finance,SME,2024-02-17,1001.42,t
1040,Canada,Finance,Startup,2023-10-14,1320.52,f
1041,Canada,Finance,Startup,2025-11-01,1665.67,f
1042,USA,Tech,SME,2023-10-14,525.18,f
1043,Canada,Retail,SME,2024-04-30,565.07,t
1044,UK,Finance,Startup,2023-12-14,1476.60,t
1045,Germany,Healthcare,Startup,2026-02-02,344.29,f
1046,Germany,Healthcare,Enterprise,2024-10-27,1340.88,f
1047,Canada,Finance,Startup,2025-11-18,1369.06,t
1048,Germany,Retail,Startup,2024-09-21,1564.52,f
1049,Germany,Education,Enterprise,2025-07-29,1325.04,f
1050,Australia,Tech,Startup,2025-11-23,295.05,t
1051,Singapore,Finance,SME,2025-08-09,1961.15,f
1052,India,Finance,Startup,2026-02-05,2156.99,f
1053,UK,Education,SME,2025-11-22,1766.80,f
1054,India,Healthcare,Startup,2023-12-04,2131.75,t
1055,India,Healthcare,SME,2023-12-04,505.47,f
1056,Singapore,Finance,SME,2025-04-25,1485.88,t
1057,USA,Finance,Startup,2024-04-03,647.38,f
1058,Germany,Finance,Enterprise,2024-09-07,1096.46,t
1059,Germany,Healthcare,Enterprise,2025-10-15,1474.59,f
1060,Canada,Tech,Enterprise,2024-10-22,1982.23,t
1061,Australia,Retail,Startup,2024-05-24,270.19,t
1062,India,Finance,Enterprise,2024-02-29,1102.08,f
1063,USA,Finance,SME,2023-10-21,1357.62,t
1064,USA,Healthcare,SME,2025-11-24,813.94,t
1065,Canada,Healthcare,Enterprise,2024-04-26,379.71,f
1066,Germany,Finance,SME,2024-09-23,393.53,f
1067,UK,Tech,Startup,2023-11-07,2190.31,f
1068,USA,Tech,Enterprise,2025-04-07,1931.34,t
1069,Brazil,Tech,Startup,2023-10-26,2134.42,f
1070,USA,Tech,Enterprise,2024-07-29,1866.30,t
1071,Canada,Retail,SME,2024-07-04,427.96,f
1072,Singapore,Healthcare,Enterprise,2024-09-26,1004.08,t
1073,Singapore,Retail,Startup,2024-11-11,646.04,f
1074,USA,Finance,Enterprise,2024-10-26,1302.19,t
1075,Singapore,Education,SME,2024-10-05,465.45,f
1076,USA,Healthcare,Startup,2024-12-28,389.94,t
1077,UK,Tech,SME,2025-09-14,375.71,f
1078,Canada,Retail,Enterprise,2026-02-19,815.54,f
1079,Canada,Education,Startup,2025-09-06,1558.93,f
1080,Australia,Healthcare,Startup,2024-12-08,701.74,t
1081,India,Tech,SME,2024-03-24,744.88,f
1082,Canada,Finance,SME,2026-01-09,989.74,f
1083,UK,Education,Enterprise,2025-05-22,1404.25,t
1084,Australia,Tech,Startup,2024-07-15,419.31,t
1085,Canada,Education,Startup,2024-11-04,736.44,t
1086,Germany,Healthcare,Enterprise,2024-12-07,1405.02,f
1087,Australia,Finance,SME,2025-11-06,1722.98,t
1088,Brazil,Retail,Enterprise,2024-06-13,1880.34,f
1089,USA,Finance,Startup,2025-04-26,1805.96,t
1090,India,Education,Enterprise,2024-02-16,1583.00,t
1091,Australia,Retail,Enterprise,2024-06-23,1043.34,f
1092,Australia,Finance,Startup,2025-05-27,809.30,f
1093,UK,Finance,SME,2024-12-12,214.32,t
1094,Canada,Tech,SME,2024-01-31,565.96,f
1095,Germany,Finance,Enterprise,2024-01-06,1660.29,f
1096,Singapore,Tech,Enterprise,2024-02-13,2087.54,f
1097,Singapore,Healthcare,SME,2025-12-03,1143.14,f
1098,Germany,Retail,Startup,2025-12-23,877.43,t
1099,Brazil,Finance,SME,2025-07-10,1025.38,t
1100,Germany,Retail,SME,2024-11-28,1159.04,f
1101,Canada,Education,SME,2025-03-06,1050.24,t
1102,Australia,Retail,Enterprise,2025-10-01,900.02,f
1103,Germany,Tech,Startup,2023-10-06,687.90,f
1104,India,Tech,Startup,2024-01-11,1384.43,t
1105,UK,Education,Enterprise,2024-07-18,743.48,t
1106,UK,Tech,Enterprise,2025-03-02,598.68,f
1107,Brazil,Finance,Enterprise,2024-07-12,1010.71,f
1108,Germany,Finance,Enterprise,2025-12-19,616.96,t
1109,USA,Finance,Enterprise,2025-04-30,294.85,f
1110,India,Finance,Enterprise,2024-12-02,250.24,t
1111,Australia,Tech,SME,2024-08-29,761.73,t
1112,Brazil,Education,Enterprise,2025-05-04,1967.69,t
1113,Singapore,Education,Enterprise,2025-04-23,291.49,f
1114,UK,Finance,Enterprise,2024-03-25,473.78,t
1115,India,Retail,Startup,2025-03-15,474.28,t
1116,Germany,Retail,Startup,2025-01-16,745.92,f
1117,USA,Retail,Startup,2024-05-29,794.90,t
1118,USA,Finance,Startup,2023-12-02,287.62,t
1119,Singapore,Retail,Enterprise,2023-12-29,316.14,t
1120,India,Tech,Enterprise,2024-06-21,550.81,f
1121,Germany,Tech,SME,2025-07-30,282.46,t
1122,Canada,Finance,Enterprise,2023-12-06,1098.98,t
1123,Singapore,Retail,Enterprise,2025-01-07,1452.96,f
1124,Canada,Retail,Enterprise,2024-05-18,684.05,t
1125,USA,Finance,Startup,2024-06-16,1019.84,t
1126,India,Education,SME,2025-08-15,457.23,t
1127,Canada,Finance,Startup,2025-06-03,453.35,f
1128,Germany,Finance,Startup,2024-02-03,357.83,f
1129,USA,Tech,Enterprise,2025-10-14,2004.20,f
1130,Germany,Retail,Enterprise,2024-10-17,979.15,t
1131,USA,Tech,Enterprise,2025-06-23,429.08,f
1132,USA,Tech,Startup,2024-07-19,485.95,f
1133,Brazil,Tech,Enterprise,2024-01-15,461.53,f
1134,Singapore,Healthcare,Enterprise,2024-05-04,790.67,f
1135,Canada,Finance,Enterprise,2025-01-08,1723.40,f
1136,USA,Education,Enterprise,2024-12-29,944.92,f
1137,USA,Tech,Enterprise,2023-12-13,1761.45,f
1138,UK,Healthcare,Startup,2024-09-03,1137.51,t
1139,Germany,Retail,Enterprise,2024-02-03,436.93,f
1140,Canada,Retail,SME,2025-05-29,1915.34,f
1141,Canada,Education,SME,2024-03-23,208.47,t
1142,USA,Education,Startup,2023-11-20,264.22,t
1143,Australia,Finance,Startup,2025-12-05,427.40,t
1144,Brazil,Education,Startup,2024-03-24,1652.88,f
1145,India,Healthcare,Enterprise,2025-03-13,275.43,t
1146,India,Tech,SME,2025-11-08,607.60,t
1147,Germany,Retail,SME,2025-02-16,765.40,f
1148,Canada,Tech,Startup,2025-04-01,1049.63,t
1149,Singapore,Finance,SME,2025-08-05,612.04,t
1150,India,Education,SME,2025-07-08,570.46,f
1151,UK,Retail,Enterprise,2025-12-13,1184.12,f
1152,Singapore,Retail,Startup,2023-12-05,1466.04,t
1153,India,Tech,Startup,2026-01-29,1907.66,t
1154,USA,Retail,Startup,2024-07-21,2090.76,f
1155,Australia,Retail,Startup,2024-05-14,1460.40,f
1156,USA,Healthcare,Startup,2023-12-03,1047.82,f
1157,UK,Education,SME,2026-01-25,577.92,f
1158,India,Healthcare,SME,2024-03-01,201.55,f
1159,USA,Education,Startup,2024-08-05,1218.56,t
1160,USA,Retail,Enterprise,2024-01-05,1688.94,t
1161,India,Finance,SME,2023-12-26,2134.94,f
1162,Canada,Education,Startup,2024-10-18,1148.12,f
1163,Australia,Tech,Startup,2024-09-26,1257.84,t
1164,India,Tech,Startup,2025-06-26,804.76,t
1165,Canada,Finance,Enterprise,2024-08-19,903.05,f
1166,UK,Finance,Startup,2025-08-26,294.67,f
1167,Singapore,Tech,SME,2025-02-24,1681.08,f
1168,Brazil,Tech,Startup,2025-08-30,2167.65,f
1169,Brazil,Education,SME,2023-10-04,1217.46,f
1170,USA,Healthcare,Enterprise,2024-05-09,1990.06,f
1171,Brazil,Healthcare,Startup,2023-12-19,427.95,t
1172,Canada,Education,SME,2025-04-19,911.46,f
1173,Brazil,Education,SME,2024-09-09,501.44,f
1174,UK,Tech,SME,2026-01-30,1849.76,t
1175,Germany,Healthcare,Enterprise,2025-07-20,1002.58,t
1176,Brazil,Healthcare,Enterprise,2024-02-04,373.02,t
1177,Singapore,Tech,SME,2023-10-08,345.56,f
1178,Germany,Education,Enterprise,2025-08-14,1938.24,t
1179,Germany,Education,Enterprise,2024-06-11,615.46,f
1180,Canada,Retail,Enterprise,2024-08-24,1899.04,t
1181,Australia,Retail,Enterprise,2025-01-16,1990.93,t
1182,Singapore,Education,Enterprise,2025-04-19,1957.55,f
1183,USA,Healthcare,Startup,2025-11-20,1580.47,t
1184,Canada,Healthcare,SME,2025-04-02,462.23,f
1185,Australia,Healthcare,Enterprise,2024-03-28,642.37,f
1186,UK,Finance,Enterprise,2023-11-07,2045.84,f
1187,Australia,Education,SME,2025-11-09,1694.62,f
1188,UK,Education,SME,2025-03-22,1102.77,t
1189,Australia,Tech,Enterprise,2025-11-19,1263.81,f
1190,USA,Education,SME,2024-12-01,1455.35,t
1191,Australia,Finance,Startup,2024-10-14,1577.91,t
1192,Singapore,Healthcare,SME,2024-02-04,352.08,t
1193,UK,Retail,SME,2023-10-27,1307.01,t
1194,Australia,Education,Startup,2024-07-26,802.86,f
1195,UK,Tech,Enterprise,2025-11-08,1621.96,t
1196,Singapore,Tech,SME,2024-08-14,1219.36,f
1197,Brazil,Healthcare,SME,2025-02-03,2091.22,t
1198,Australia,Tech,SME,2024-08-12,1982.84,t
1199,UK,Finance,SME,2025-01-24,1560.94,f
1200,USA,Finance,Startup,2024-09-05,991.28,t
